{
  "project_info": {
    "project_number": "78655937800",
    "project_id": "test-cff90",
    "storage_bucket": "test-cff90.appspot.com"
  },
  "client": [
    {
      "client_info": {
        "mobilesdk_app_id": "1:78655937800:android:2b4f5990b949a0b83360bd",
        "android_client_info": {
          "package_name": "com.example.firebasetest"
        }
      },
      "oauth_client": [
        {
          "client_id": "78655937800-0n9s8l13fbuktfh5vr3fqge4cdunmf7l.apps.googleusercontent.com",
          "client_type": 3
        }
      ],
      "api_key": [
        {
          "current_key": "AIzaSyAtPQl00dzJOWzotpPnPknaeKYVq9yh8L4"
        }
      ],
      "services": {
        "appinvite_service": {
          "other_platform_oauth_client": [
            {
              "client_id": "78655937800-0n9s8l13fbuktfh5vr3fqge4cdunmf7l.apps.googleusercontent.com",
              "client_type": 3
            }
          ]
        }
      }
    }
  ],
  "configuration_version": "1"
}